{
  "id": "66f8c9fa-1f53-40de-a2ac-b5ec0d82b7ee",
  "generation": 4,
  "iteration": 35,
  "current_iteration": 50,
  "metrics": {
    "runs_successfully": 1.0,
    "value_score": 0.9985131407384916,
    "distance_score": 0.9673664551949459,
    "overall_score": 0.9966959300231962,
    "standard_deviation_score": 0.977108957696389,
    "speed_score": 1.0,
    "reliability_score": 1.0,
    "combined_score": 0.983479650115981,
    "success_rate": 1.0
  },
  "language": "python",
  "timestamp": 1755429380.95311,
  "saved_at": 1755429592.5349345
}