{
  "id": "5c82feae-92ba-4585-a9cf-43d9a596a7d7",
  "generation": 5,
  "iteration": 84,
  "timestamp": 1755429973.0321498,
  "parent_id": "561ab391-76e9-4b9e-8cd2-2a8b262103e2",
  "metrics": {
    "runs_successfully": 1.0,
    "value_score": 0.9995922170970485,
    "distance_score": 0.9923469061700767,
    "overall_score": 0.9991892932042319,
    "standard_deviation_score": 0.9938388643883262,
    "speed_score": 1.0,
    "reliability_score": 1.0,
    "combined_score": 0.9959464660211591,
    "success_rate": 1.0
  },
  "language": "python",
  "saved_at": 1755430146.4916418
}