{
  "id": "2d6633ca-e904-48f9-a6a8-2e68dd94ebb5",
  "generation": 4,
  "iteration": 86,
  "current_iteration": 90,
  "metrics": {
    "runs_successfully": 1.0,
    "value_score": 0.9996853334670053,
    "distance_score": 0.9991484019974369,
    "overall_score": 0.9998949948937269,
    "standard_deviation_score": 0.9994158352803968,
    "speed_score": 1.0,
    "reliability_score": 1.0,
    "combined_score": 0.9994749744686342,
    "success_rate": 1.0
  },
  "language": "python",
  "timestamp": 1755432051.4629755,
  "saved_at": 1755432078.8804336
}