{
  "id": "a08ddcfb-da77-4f4f-bbdd-e449ed447052",
  "generation": 3,
  "iteration": 78,
  "timestamp": 1755440274.2024045,
  "parent_id": "b71f55fe-4186-406e-8c98-c9245d749fe5",
  "metrics": {
    "runs_successfully": 1.0,
    "value_score": 0.9987293225008038,
    "distance_score": 0.9755722214769805,
    "overall_score": 0.9973940190263204,
    "standard_deviation_score": 0.9798227736968848,
    "speed_score": 1.0,
    "reliability_score": 1.0,
    "combined_score": 0.9869700951316016,
    "success_rate": 1.0
  },
  "language": "python",
  "saved_at": 1755440503.6840641
}