{
  "id": "ca575ce1-55de-470d-bc7c-43a8f6696149",
  "generation": 2,
  "iteration": 33,
  "current_iteration": 40,
  "metrics": {
    "runs_successfully": 1.0,
    "value_score": 0.999579241465797,
    "distance_score": 0.9901806701456062,
    "overall_score": 0.9990266272609702,
    "standard_deviation_score": 0.9935858362042995,
    "speed_score": 1.0,
    "reliability_score": 1.0,
    "combined_score": 0.995133136304851,
    "success_rate": 1.0
  },
  "language": "python",
  "timestamp": 1755443899.6627953,
  "saved_at": 1755443973.2270238
}