{
  "id": "1de5d0f4-e558-460b-9c02-dea3968fe6d5",
  "generation": 2,
  "iteration": 15,
  "current_iteration": 20,
  "metrics": {
    "runs_successfully": 1.0,
    "value_score": 0.9749203310070709,
    "distance_score": 0.8742273661931712,
    "overall_score": 0.9855603233307493,
    "standard_deviation_score": 0.9029996131683079,
    "speed_score": 1.0,
    "reliability_score": 1.0,
    "combined_score": 0.9278016166537464,
    "success_rate": 1.0
  },
  "language": "python",
  "timestamp": 1755438652.2234972,
  "saved_at": 1755438705.3901968
}