{
  "id": "7400d61e-5592-41f3-b75b-c45e003c5f35",
  "generation": 2,
  "iteration": 22,
  "current_iteration": 30,
  "metrics": {
    "runs_successfully": 1.0,
    "value_score": 0.9985729037917852,
    "distance_score": 0.9694343985400498,
    "overall_score": 0.9968594919675395,
    "standard_deviation_score": 0.9774745201077767,
    "speed_score": 1.0,
    "reliability_score": 1.0,
    "combined_score": 0.9842974598376976,
    "success_rate": 1.0
  },
  "language": "python",
  "timestamp": 1755442875.170433,
  "saved_at": 1755442962.0163271
}