{
  "id": "5ae21c72-4a69-497c-8e7b-ab2638b210ff",
  "generation": 2,
  "iteration": 18,
  "current_iteration": 40,
  "metrics": {
    "runs_successfully": 1.0,
    "value_score": 0.9823203947079212,
    "distance_score": 0.8944930046433606,
    "overall_score": 0.9880023167508782,
    "standard_deviation_score": 0.9156344699072123,
    "speed_score": 1.0,
    "reliability_score": 1.0,
    "combined_score": 0.9400115837543911,
    "success_rate": 1.0
  },
  "language": "python",
  "timestamp": 1755438709.1441903,
  "saved_at": 1755438952.2207854
}