{
  "id": "4a4da957-0add-4760-9cf3-48bc7e8cf4d0",
  "generation": 3,
  "iteration": 48,
  "current_iteration": 60,
  "metrics": {
    "runs_successfully": 1.0,
    "value_score": 0.9995817978493924,
    "distance_score": 0.9919116192373284,
    "overall_score": 0.9991581355084825,
    "standard_deviation_score": 0.9938399078102993,
    "speed_score": 1.0,
    "reliability_score": 1.0,
    "combined_score": 0.9957906775424122,
    "success_rate": 1.0
  },
  "language": "python",
  "timestamp": 1755447864.987775,
  "saved_at": 1755447939.7196124
}