{
  "id": "760b5bb5-d293-4638-814d-726fb914c441",
  "generation": 4,
  "iteration": 63,
  "current_iteration": 80,
  "metrics": {
    "runs_successfully": 1.0,
    "value_score": 0.9978509374371448,
    "distance_score": 0.9632114103826978,
    "overall_score": 0.9961565214813461,
    "standard_deviation_score": 0.9720539283489265,
    "speed_score": 1.0,
    "reliability_score": 1.0,
    "combined_score": 0.9807826074067302,
    "success_rate": 1.0
  },
  "language": "python",
  "timestamp": 1755432829.7407055,
  "saved_at": 1755433016.8402982
}