{
  "id": "47295051-004c-4378-b4fb-781024c0d1b9",
  "generation": 2,
  "iteration": 56,
  "current_iteration": 70,
  "metrics": {
    "runs_successfully": 1.0,
    "value_score": 0.999579883592566,
    "distance_score": 0.9915985122247389,
    "overall_score": 0.9991297887070323,
    "standard_deviation_score": 0.9936825249955206,
    "speed_score": 1.0,
    "reliability_score": 1.0,
    "combined_score": 0.9956489435351609,
    "success_rate": 1.0
  },
  "language": "python",
  "timestamp": 1755429675.6473486,
  "saved_at": 1755429845.8895044
}