{
  "id": "02859b06-de8d-4d52-9b4f-6f3fe851ce24",
  "generation": 2,
  "iteration": 11,
  "current_iteration": 20,
  "metrics": {
    "runs_successfully": 1.0,
    "value_score": 0.9950733444015903,
    "distance_score": 0.9386808645288718,
    "overall_score": 0.9935681188696973,
    "standard_deviation_score": 0.9551331061141226,
    "speed_score": 1.0,
    "reliability_score": 1.0,
    "combined_score": 0.9678405943484863,
    "success_rate": 1.0
  },
  "language": "python",
  "timestamp": 1755447677.866899,
  "saved_at": 1755447704.5861788
}