{
  "id": "9a420ea8-38ed-4114-b496-1721b4e45e81",
  "generation": 4,
  "iteration": 63,
  "timestamp": 1755425374.1005642,
  "parent_id": "d073d564-5ca9-412d-a378-850f1aed5b92",
  "metrics": {
    "runs_successfully": 1.0,
    "value_score": 0.9996612102015823,
    "distance_score": 0.995879013283076,
    "overall_score": 0.9995556658820387,
    "standard_deviation_score": 0.996696255952813,
    "speed_score": 1.0,
    "reliability_score": 1.0,
    "combined_score": 0.9977783294101931,
    "success_rate": 1.0
  },
  "language": "python",
  "saved_at": 1755425757.192925
}