{
  "id": "5e902e34-6d95-4ac4-8d65-3d53004380aa",
  "generation": 2,
  "iteration": 10,
  "current_iteration": 20,
  "metrics": {
    "runs_successfully": 1.0,
    "value_score": 0.9993524553086743,
    "distance_score": 0.983072795043786,
    "overall_score": 0.9983106609822507,
    "standard_deviation_score": 0.9885223364394606,
    "speed_score": 1.0,
    "reliability_score": 1.0,
    "combined_score": 0.9915533049112534,
    "success_rate": 1.0
  },
  "language": "python",
  "timestamp": 1755437344.36247,
  "saved_at": 1755437480.4986906
}