{
  "id": "665cf353-4814-4db8-ae4d-42744c244393",
  "generation": 2,
  "iteration": 17,
  "current_iteration": 20,
  "metrics": {
    "runs_successfully": 1.0,
    "value_score": 0.9975922762460105,
    "distance_score": 0.9602834123430407,
    "overall_score": 0.995852051606513,
    "standard_deviation_score": 0.9700188351319834,
    "speed_score": 1.0,
    "reliability_score": 1.0,
    "combined_score": 0.9792602580325647,
    "success_rate": 1.0
  },
  "language": "python",
  "timestamp": 1755430280.4109783,
  "saved_at": 1755430394.8128946
}