{
  "id": "851bc03d-3f90-4a6c-85dd-91c86c7a3e23",
  "generation": 1,
  "iteration": 1,
  "current_iteration": 10,
  "metrics": {
    "runs_successfully": 1.0,
    "value_score": 0.9865968527691251,
    "distance_score": 0.8975058986744014,
    "overall_score": 0.9886490879897948,
    "standard_deviation_score": 0.9190473847186971,
    "speed_score": 1.0,
    "reliability_score": 1.0,
    "combined_score": 0.9432454399489737,
    "success_rate": 1.0
  },
  "language": "python",
  "timestamp": 1755439605.9671926,
  "saved_at": 1755439720.3313236
}