{
  "id": "95b9beda-da8e-414e-bcb2-401b127ca26d",
  "generation": 6,
  "iteration": 99,
  "current_iteration": 100,
  "metrics": {
    "runs_successfully": 1.0,
    "value_score": 0.9996807638678382,
    "distance_score": 0.998337143782388,
    "overall_score": 0.999804671720629,
    "standard_deviation_score": 0.9985854546278287,
    "speed_score": 1.0,
    "reliability_score": 1.0,
    "combined_score": 0.9990233586031451,
    "success_rate": 1.0
  },
  "language": "python",
  "timestamp": 1755448832.5969875,
  "saved_at": 1755448848.3994918
}