{
  "id": "eed08c28-eb9b-4c1a-b71c-b86caea571b8",
  "generation": 1,
  "iteration": 8,
  "current_iteration": 10,
  "metrics": {
    "runs_successfully": 1.0,
    "value_score": 0.9824603410116403,
    "distance_score": 0.8900973712181985,
    "overall_score": 0.987478959781722,
    "standard_deviation_score": 0.9099979981408302,
    "speed_score": 1.0,
    "reliability_score": 1.0,
    "combined_score": 0.9373947989086097,
    "success_rate": 1.0
  },
  "language": "python",
  "timestamp": 1755429027.3806632,
  "saved_at": 1755429074.30415
}