{
  "id": "3d13e244-1942-45e8-9b6e-a2312a0d601c",
  "generation": 3,
  "iteration": 40,
  "current_iteration": 40,
  "metrics": {
    "runs_successfully": 1.0,
    "value_score": 0.9970308066545381,
    "distance_score": 0.9554177381427159,
    "overall_score": 0.9953328508825255,
    "standard_deviation_score": 0.9665363186679434,
    "speed_score": 1.0,
    "reliability_score": 1.0,
    "combined_score": 0.9766642544126276,
    "success_rate": 1.0
  },
  "language": "python",
  "timestamp": 1755425139.3188925,
  "saved_at": 1755425139.370592
}