{
  "id": "603a845c-7d78-46cb-afe7-eddd2d6e14ac",
  "generation": 1,
  "iteration": 3,
  "current_iteration": 10,
  "metrics": {
    "runs_successfully": 1.0,
    "value_score": 0.9822462140549001,
    "distance_score": 0.8796766778533327,
    "overall_score": 0.9866127087457108,
    "standard_deviation_score": 0.9069526578033603,
    "speed_score": 1.0,
    "reliability_score": 1.0,
    "combined_score": 0.9330635437285537,
    "success_rate": 1.0
  },
  "language": "python",
  "timestamp": 1755440558.9154007,
  "saved_at": 1755440619.1695926
}