{
  "id": "b45bd50b-bf2b-4461-90c1-935d9100b1c9",
  "generation": 3,
  "iteration": 99,
  "timestamp": 1755446840.353956,
  "parent_id": "8b39f144-de89-46a6-8400-b46698607a2d",
  "metrics": {
    "runs_successfully": 1.0,
    "value_score": 0.999680737048085,
    "distance_score": 0.9980869505288332,
    "overall_score": 0.9997835489756365,
    "standard_deviation_score": 0.998495271131304,
    "speed_score": 1.0,
    "reliability_score": 1.0,
    "combined_score": 0.9989177448781822,
    "success_rate": 1.0
  },
  "language": "python",
  "saved_at": 1755446858.5458882
}