{
  "id": "bec6dd2e-22a2-4d1a-af3a-90b6aef2eedb",
  "generation": 2,
  "iteration": 10,
  "current_iteration": 20,
  "metrics": {
    "runs_successfully": 1.0,
    "value_score": 0.9996844177459334,
    "distance_score": 0.9988336801254815,
    "overall_score": 0.9998702786859301,
    "standard_deviation_score": 0.9993502958732752,
    "speed_score": 1.0,
    "reliability_score": 1.0,
    "combined_score": 0.9993513934296503,
    "success_rate": 1.0
  },
  "language": "python",
  "timestamp": 1755444584.471355,
  "saved_at": 1755444626.2096317
}