{
  "id": "f0c59d17-9e21-4ca9-aacc-ebc01d89994a",
  "generation": 1,
  "iteration": 7,
  "current_iteration": 10,
  "metrics": {
    "runs_successfully": 1.0,
    "value_score": 0.9816331605751745,
    "distance_score": 0.8793022908158995,
    "overall_score": 0.9869668985289977,
    "standard_deviation_score": 0.9175354232905591,
    "speed_score": 1.0,
    "reliability_score": 1.0,
    "combined_score": 0.9348344926449877,
    "success_rate": 1.0
  },
  "language": "python",
  "timestamp": 1755448256.4597218,
  "saved_at": 1755448274.248047
}