{
  "id": "b0c761d3-e89d-4aa4-bdd3-71ee154aa736",
  "generation": 3,
  "iteration": 71,
  "current_iteration": 70,
  "metrics": {
    "runs_successfully": 1.0,
    "value_score": 0.9995885626399738,
    "distance_score": 0.9900913233326656,
    "overall_score": 0.9989725072708882,
    "standard_deviation_score": 0.9923728813200849,
    "speed_score": 1.0,
    "reliability_score": 1.0,
    "combined_score": 0.9948625363544408,
    "success_rate": 1.0
  },
  "language": "python",
  "timestamp": 1755439277.7150648,
  "saved_at": 1755439289.72611
}