{
  "id": "62debf4f-12b2-4213-a4f9-a76b2a47bccb",
  "generation": 3,
  "iteration": 35,
  "current_iteration": 30,
  "metrics": {
    "runs_successfully": 1.0,
    "value_score": 0.9993472381402233,
    "distance_score": 0.9818986010759355,
    "overall_score": 0.9981622584390512,
    "standard_deviation_score": 0.9868762423479998,
    "speed_score": 1.0,
    "reliability_score": 1.0,
    "combined_score": 0.9908112921952555,
    "success_rate": 1.0
  },
  "language": "python",
  "timestamp": 1755431597.8492997,
  "saved_at": 1755431643.04744
}