{
  "id": "f39256dd-9bc3-4062-be18-2b063c964016",
  "generation": 2,
  "iteration": 40,
  "current_iteration": 60,
  "metrics": {
    "runs_successfully": 1.0,
    "value_score": 0.9996392803932769,
    "distance_score": 0.9933933077407953,
    "overall_score": 0.9993165556176301,
    "standard_deviation_score": 0.9951068612061252,
    "speed_score": 1.0,
    "reliability_score": 1.0,
    "combined_score": 0.9965827780881504,
    "success_rate": 1.0
  },
  "language": "python",
  "timestamp": 1755430552.9225018,
  "saved_at": 1755431040.1858373
}