{
  "id": "e12a3f32-c738-42de-a94a-457afdfb44d3",
  "generation": 3,
  "iteration": 30,
  "current_iteration": 30,
  "metrics": {
    "runs_successfully": 1.0,
    "value_score": 0.9986818581836034,
    "distance_score": 0.9729574517233938,
    "overall_score": 0.9972323754444345,
    "standard_deviation_score": 0.9804405937736174,
    "speed_score": 1.0,
    "reliability_score": 1.0,
    "combined_score": 0.9861618772221725,
    "success_rate": 1.0
  },
  "language": "python",
  "timestamp": 1755445511.8979197,
  "saved_at": 1755445511.9577537
}