{
  "id": "5127c6a7-56a3-4952-98b1-129156784a39",
  "generation": 3,
  "iteration": 41,
  "current_iteration": 60,
  "metrics": {
    "runs_successfully": 1.0,
    "value_score": 0.9996084643055785,
    "distance_score": 0.9922243469943093,
    "overall_score": 0.9992037597465079,
    "standard_deviation_score": 0.9943865738878922,
    "speed_score": 1.0,
    "reliability_score": 1.0,
    "combined_score": 0.9960187987325392,
    "success_rate": 1.0
  },
  "language": "python",
  "timestamp": 1755443973.6138382,
  "saved_at": 1755444089.44517
}