{
  "id": "bcadfd3a-fc82-49ca-b546-e41f10a7d75b",
  "generation": 3,
  "iteration": 94,
  "timestamp": 1755443498.791882,
  "parent_id": "f755395b-a5cb-4a80-b3b4-9cb86ff81e40",
  "metrics": {
    "runs_successfully": 1.0,
    "value_score": 0.9996810016612944,
    "distance_score": 0.9979214843733325,
    "overall_score": 0.9997679236382949,
    "standard_deviation_score": 0.9983937403967736,
    "speed_score": 1.0,
    "reliability_score": 1.0,
    "combined_score": 0.9988396181914742,
    "success_rate": 1.0
  },
  "language": "python",
  "saved_at": 1755443529.765434
}