{
  "id": "8239fc9e-cbaa-46c8-8288-571bfafb5e20",
  "generation": 3,
  "iteration": 29,
  "current_iteration": 30,
  "metrics": {
    "runs_successfully": 1.0,
    "value_score": 0.994897197808315,
    "distance_score": 0.937647614310108,
    "overall_score": 0.9933554531598174,
    "standard_deviation_score": 0.9519329077881935,
    "speed_score": 1.0,
    "reliability_score": 1.0,
    "combined_score": 0.9667772657990867,
    "success_rate": 1.0
  },
  "language": "python",
  "timestamp": 1755432481.8812768,
  "saved_at": 1755432488.7759585
}