{
  "id": "45a15f1c-e7ff-4ce5-9342-c3d3f2296807",
  "generation": 2,
  "iteration": 31,
  "current_iteration": 30,
  "metrics": {
    "runs_successfully": 1.0,
    "value_score": 0.9813263566279365,
    "distance_score": 0.8863063345720512,
    "overall_score": 0.9875645148892089,
    "standard_deviation_score": 0.9207556626302433,
    "speed_score": 1.0,
    "reliability_score": 1.0,
    "combined_score": 0.9378225744460444,
    "success_rate": 1.0
  },
  "language": "python",
  "timestamp": 1755424918.9089227,
  "saved_at": 1755424924.9040914
}