{
  "id": "93349e03-299f-4f9b-ad69-979c973a7d7d",
  "generation": 2,
  "iteration": 19,
  "current_iteration": 30,
  "metrics": {
    "runs_successfully": 1.0,
    "value_score": 0.9995870275970377,
    "distance_score": 0.9920965319960685,
    "overall_score": 0.9991396160563052,
    "standard_deviation_score": 0.9930441721196918,
    "speed_score": 1.0,
    "reliability_score": 1.0,
    "combined_score": 0.9956980802815255,
    "success_rate": 1.0
  },
  "language": "python",
  "timestamp": 1755446999.5987358,
  "saved_at": 1755447083.016849
}