{
  "id": "a03ca934-4a14-4535-9800-5a6277f841eb",
  "generation": 3,
  "iteration": 88,
  "current_iteration": 90,
  "metrics": {
    "runs_successfully": 1.0,
    "value_score": 0.9994999278430095,
    "distance_score": 0.9863468645168937,
    "overall_score": 0.9986213190270882,
    "standard_deviation_score": 0.9903010890473716,
    "speed_score": 1.0,
    "reliability_score": 1.0,
    "combined_score": 0.9931065951354405,
    "success_rate": 1.0
  },
  "language": "python",
  "timestamp": 1755443437.9210508,
  "saved_at": 1755443463.475587
}