{
  "id": "6abc5171-3786-4ca4-a911-cec04eb37a39",
  "generation": 2,
  "iteration": 27,
  "current_iteration": 30,
  "metrics": {
    "runs_successfully": 1.0,
    "value_score": 0.9956910782086864,
    "distance_score": 0.9445408932746339,
    "overall_score": 0.994167613311962,
    "standard_deviation_score": 0.958784382703239,
    "speed_score": 1.0,
    "reliability_score": 1.0,
    "combined_score": 0.9708380665598099,
    "success_rate": 1.0
  },
  "language": "python",
  "timestamp": 1755447745.238662,
  "saved_at": 1755447765.9845395
}