{
  "id": "23ab662d-3c21-410d-8d63-bb06dc24647a",
  "generation": 3,
  "iteration": 46,
  "timestamp": 1755445687.6344988,
  "parent_id": "0e79172a-e38d-40ef-a4af-fa57c7d14cca",
  "metrics": {
    "runs_successfully": 1.0,
    "value_score": 0.9996604213046743,
    "distance_score": 0.9950713231106649,
    "overall_score": 0.9994944556471772,
    "standard_deviation_score": 0.9965808384525843,
    "speed_score": 1.0,
    "reliability_score": 1.0,
    "combined_score": 0.9974722782358856,
    "success_rate": 1.0
  },
  "language": "python",
  "saved_at": 1755446077.407344
}