{
  "id": "435ae984-bdf3-4802-8f99-17055e6ad561",
  "generation": 1,
  "iteration": 3,
  "current_iteration": 10,
  "metrics": {
    "runs_successfully": 1.0,
    "value_score": 0.9798900047254842,
    "distance_score": 0.888900180822771,
    "overall_score": 0.9872030390738755,
    "standard_deviation_score": 0.9096931521374407,
    "speed_score": 1.0,
    "reliability_score": 1.0,
    "combined_score": 0.9360151953693775,
    "success_rate": 1.0
  },
  "language": "python",
  "timestamp": 1755423084.382396,
  "saved_at": 1755423148.55655
}