{
  "id": "5bf282b0-2138-4c12-8c34-fe59fdf3a31d",
  "generation": 4,
  "iteration": 46,
  "timestamp": 1755421875.2634525,
  "parent_id": "3f21eedb-42b9-4757-bc53-26cbbcb30549",
  "metrics": {
    "runs_successfully": 1.0,
    "value_score": 0.9996382252843786,
    "distance_score": 0.9931657428564679,
    "overall_score": 0.9993153482177457,
    "standard_deviation_score": 0.9954767611971608,
    "speed_score": 1.0,
    "reliability_score": 1.0,
    "combined_score": 0.9965767410887285,
    "success_rate": 1.0
  },
  "language": "python",
  "saved_at": 1755422720.7989385
}