{
  "id": "0b49ad2f-ff75-4c68-b9b1-f7cbc8d6013e",
  "generation": 1,
  "iteration": 7,
  "current_iteration": 10,
  "metrics": {
    "runs_successfully": 1.0,
    "value_score": 0.9898197884632828,
    "distance_score": 0.91037093451773,
    "overall_score": 0.9902837579530834,
    "standard_deviation_score": 0.9317601836103131,
    "speed_score": 1.0,
    "reliability_score": 1.0,
    "combined_score": 0.9514187897654172,
    "success_rate": 1.0
  },
  "language": "python",
  "timestamp": 1755431356.218774,
  "saved_at": 1755431380.71813
}