{
  "id": "faed4492-237a-4dff-9fba-6789b62aae3c",
  "generation": 2,
  "iteration": 79,
  "current_iteration": 80,
  "metrics": {
    "runs_successfully": 1.0,
    "value_score": 0.9994310667163286,
    "distance_score": 0.9857208867284355,
    "overall_score": 0.9985082398486121,
    "standard_deviation_score": 0.9886900776869652,
    "speed_score": 1.0,
    "reliability_score": 1.0,
    "combined_score": 0.9925411992430605,
    "success_rate": 1.0
  },
  "language": "python",
  "timestamp": 1755442403.9294233,
  "saved_at": 1755442424.512007
}