{
  "id": "d43ad813-57b6-4e3b-9c9b-247b328e8832",
  "generation": 2,
  "iteration": 18,
  "current_iteration": 20,
  "metrics": {
    "runs_successfully": 1.0,
    "value_score": 0.9790457471900664,
    "distance_score": 0.8988773358877548,
    "overall_score": 0.9881213954922262,
    "standard_deviation_score": 0.9166694919194656,
    "speed_score": 1.0,
    "reliability_score": 1.0,
    "combined_score": 0.9406069774611306,
    "success_rate": 1.0
  },
  "language": "python",
  "timestamp": 1755436162.61956,
  "saved_at": 1755436185.412083
}