{
  "id": "27022875-7b6e-4476-bc7b-100d4291d4ba",
  "generation": 4,
  "iteration": 90,
  "timestamp": 1755437057.2334158,
  "parent_id": "19a77adf-5d42-4005-90d9-4d2f9dd10371",
  "metrics": {
    "runs_successfully": 1.0,
    "value_score": 0.9996858440992896,
    "distance_score": 0.9994832300762573,
    "overall_score": 0.9999340328737422,
    "standard_deviation_score": 0.9998049420363448,
    "speed_score": 1.0,
    "reliability_score": 1.0,
    "combined_score": 0.9996701643687104,
    "success_rate": 1.0
  },
  "language": "python",
  "saved_at": 1755437243.9058733
}