{
  "id": "77a80736-5ebb-46ba-859f-13d4c40b9179",
  "generation": 1,
  "iteration": 9,
  "current_iteration": 20,
  "metrics": {
    "runs_successfully": 1.0,
    "value_score": 0.9850071973930166,
    "distance_score": 0.9087927249950258,
    "overall_score": 0.9894478164426574,
    "standard_deviation_score": 0.9220455468873592,
    "speed_score": 1.0,
    "reliability_score": 1.0,
    "combined_score": 0.9472390822132868,
    "success_rate": 1.0
  },
  "language": "python",
  "timestamp": 1755442684.1128962,
  "saved_at": 1755442812.8845875
}