{
  "id": "bd135682-9148-4767-a494-0cc0e112cf20",
  "generation": 4,
  "iteration": 82,
  "current_iteration": 100,
  "metrics": {
    "runs_successfully": 1.0,
    "value_score": 0.9994603495200394,
    "distance_score": 0.9857242458810868,
    "overall_score": 0.9985436270225925,
    "standard_deviation_score": 0.9895176336128384,
    "speed_score": 1.0,
    "reliability_score": 1.0,
    "combined_score": 0.9927181351129619,
    "success_rate": 1.0
  },
  "language": "python",
  "timestamp": 1755442442.3497975,
  "saved_at": 1755442575.0475621
}