{
  "id": "c918498b-b1d5-46e0-948e-f37c4bbdd353",
  "generation": 3,
  "iteration": 26,
  "current_iteration": 30,
  "metrics": {
    "runs_successfully": 1.0,
    "value_score": 0.9996331479497482,
    "distance_score": 0.9930897489053169,
    "overall_score": 0.9992609115941363,
    "standard_deviation_score": 0.9942577203570426,
    "speed_score": 1.0,
    "reliability_score": 1.0,
    "combined_score": 0.9963045579706813,
    "success_rate": 1.0
  },
  "language": "python",
  "timestamp": 1755436289.839851,
  "saved_at": 1755436492.6369376
}