{
  "id": "c23a2858-269b-4e23-9abe-c19be9e20caa",
  "generation": 1,
  "iteration": 3,
  "current_iteration": 10,
  "metrics": {
    "runs_successfully": 1.0,
    "value_score": 0.9856638723016398,
    "distance_score": 0.8875040037069205,
    "overall_score": 0.9879635052235897,
    "standard_deviation_score": 0.92104384757476,
    "speed_score": 1.0,
    "reliability_score": 1.0,
    "combined_score": 0.9398175261179481,
    "success_rate": 1.0
  },
  "language": "python",
  "timestamp": 1755433256.1065764,
  "saved_at": 1755433327.5845437
}