{
  "id": "14f0ccd4-3afc-42bd-b770-3da6c96da05c",
  "generation": 4,
  "iteration": 69,
  "current_iteration": 70,
  "metrics": {
    "runs_successfully": 1.0,
    "value_score": 0.99948986742697,
    "distance_score": 0.9849317961754691,
    "overall_score": 0.9985062084686495,
    "standard_deviation_score": 0.9899173004119668,
    "speed_score": 1.0,
    "reliability_score": 1.0,
    "combined_score": 0.9925310423432472,
    "success_rate": 1.0
  },
  "language": "python",
  "timestamp": 1755442336.0068336,
  "saved_at": 1755442350.09573
}