{
  "id": "fd53c62f-c427-4728-8661-2ca79feb4e5f",
  "generation": 5,
  "iteration": 56,
  "current_iteration": 70,
  "metrics": {
    "runs_successfully": 1.0,
    "value_score": 0.9980235885865039,
    "distance_score": 0.9636007640537853,
    "overall_score": 0.9961482419167891,
    "standard_deviation_score": 0.9708634307992181,
    "speed_score": 1.0,
    "reliability_score": 1.0,
    "combined_score": 0.9807412095839448,
    "success_rate": 1.0
  },
  "language": "python",
  "timestamp": 1755441128.7588258,
  "saved_at": 1755441258.3010828
}