{
  "id": "7deac0c0-59a5-430f-bc01-7e7b29c6e7a1",
  "generation": 2,
  "iteration": 26,
  "current_iteration": 30,
  "metrics": {
    "runs_successfully": 1.0,
    "value_score": 0.9995917387118674,
    "distance_score": 0.9919985502784714,
    "overall_score": 0.9991517096581921,
    "standard_deviation_score": 0.9935097357217095,
    "speed_score": 1.0,
    "reliability_score": 1.0,
    "combined_score": 0.9957585482909606,
    "success_rate": 1.0
  },
  "language": "python",
  "timestamp": 1755435000.320656,
  "saved_at": 1755435065.173034
}