{
  "id": "7873cce0-a2e2-4aa5-8c50-f2f5f1380456",
  "generation": 2,
  "iteration": 16,
  "current_iteration": 20,
  "metrics": {
    "runs_successfully": 1.0,
    "value_score": 0.9986475586318682,
    "distance_score": 0.971476272815174,
    "overall_score": 0.9970398381448344,
    "standard_deviation_score": 0.9782792485885344,
    "speed_score": 1.0,
    "reliability_score": 1.0,
    "combined_score": 0.9851991907241716,
    "success_rate": 1.0
  },
  "language": "python",
  "timestamp": 1755421598.0231078,
  "saved_at": 1755421611.4726846
}