{
  "id": "f46860dd-d592-4fe7-9045-67b86400e4a1",
  "generation": 1,
  "iteration": 2,
  "current_iteration": 10,
  "metrics": {
    "runs_successfully": 1.0,
    "value_score": 0.984352712806443,
    "distance_score": 0.8940231102464866,
    "overall_score": 0.9884947942767204,
    "standard_deviation_score": 0.9252121665753813,
    "speed_score": 1.0,
    "reliability_score": 1.0,
    "combined_score": 0.9424739713836018,
    "success_rate": 1.0
  },
  "language": "python",
  "timestamp": 1755421448.498393,
  "saved_at": 1755421521.270064
}