{
  "id": "d622188e-91f9-4d1c-a8fe-da0c0a67ba8c",
  "generation": 3,
  "iteration": 29,
  "current_iteration": 50,
  "metrics": {
    "runs_successfully": 1.0,
    "value_score": 0.997597297226403,
    "distance_score": 0.9601257982344772,
    "overall_score": 0.9958923930185628,
    "standard_deviation_score": 0.971294408407528,
    "speed_score": 1.0,
    "reliability_score": 1.0,
    "combined_score": 0.9794619650928138,
    "success_rate": 1.0
  },
  "language": "python",
  "timestamp": 1755425166.3429425,
  "saved_at": 1755425235.1080964
}