{
  "id": "9e427052-e91f-40c1-914f-d7d25ffc3e2e",
  "generation": 3,
  "iteration": 37,
  "current_iteration": 70,
  "metrics": {
    "runs_successfully": 1.0,
    "value_score": 0.9996856204566651,
    "distance_score": 0.9994076097272325,
    "overall_score": 0.9999203409415046,
    "standard_deviation_score": 0.9995953707157926,
    "speed_score": 1.0,
    "reliability_score": 1.0,
    "combined_score": 0.9996017047075229,
    "success_rate": 1.0
  },
  "language": "python",
  "timestamp": 1755444843.690179,
  "saved_at": 1755445064.0240517
}