{
  "id": "a47a2713-efaa-47b6-b38d-4d6a2132ad6d",
  "generation": 4,
  "iteration": 78,
  "current_iteration": 90,
  "metrics": {
    "runs_successfully": 1.0,
    "value_score": 0.9996751584701016,
    "distance_score": 0.9974947452124793,
    "overall_score": 0.9997076655657605,
    "standard_deviation_score": 0.9976443076994943,
    "speed_score": 1.0,
    "reliability_score": 1.0,
    "combined_score": 0.9985383278288023,
    "success_rate": 1.0
  },
  "language": "python",
  "timestamp": 1755448707.7812417,
  "saved_at": 1755448787.7296317
}