{
  "id": "468ca87f-eb01-42e6-8ccf-071ebfb114af",
  "generation": 2,
  "iteration": 20,
  "current_iteration": 20,
  "metrics": {
    "runs_successfully": 1.0,
    "value_score": 0.9832771258357103,
    "distance_score": 0.9021344462309897,
    "overall_score": 0.9888143126352064,
    "standard_deviation_score": 0.9208875647634335,
    "speed_score": 1.0,
    "reliability_score": 1.0,
    "combined_score": 0.9440715631760317,
    "success_rate": 1.0
  },
  "language": "python",
  "timestamp": 1755429170.6989875,
  "saved_at": 1755429170.7396097
}