{
  "id": "fab81369-87d9-4506-b641-dbf172d8c2e6",
  "generation": 2,
  "iteration": 24,
  "current_iteration": 30,
  "metrics": {
    "runs_successfully": 1.0,
    "value_score": 0.9953802348063108,
    "distance_score": 0.9451710019859337,
    "overall_score": 0.9942993885026742,
    "standard_deviation_score": 0.9615200481804245,
    "speed_score": 1.0,
    "reliability_score": 1.0,
    "combined_score": 0.9714969425133706,
    "success_rate": 1.0
  },
  "language": "python",
  "timestamp": 1755423570.2795122,
  "saved_at": 1755423616.0955677
}