{
  "id": "d72c77ac-e127-4969-aac3-9de397003870",
  "generation": 3,
  "iteration": 35,
  "current_iteration": 40,
  "metrics": {
    "runs_successfully": 1.0,
    "value_score": 0.999603229227483,
    "distance_score": 0.9916777207313848,
    "overall_score": 0.9991792439570382,
    "standard_deviation_score": 0.9947394364979343,
    "speed_score": 1.0,
    "reliability_score": 1.0,
    "combined_score": 0.9958962197851906,
    "success_rate": 1.0
  },
  "language": "python",
  "timestamp": 1755447107.5652716,
  "saved_at": 1755447136.4498994
}