{
  "id": "0a2346e4-e8ce-48eb-a054-459369dc235c",
  "generation": 3,
  "iteration": 51,
  "current_iteration": 60,
  "metrics": {
    "runs_successfully": 1.0,
    "value_score": 0.9988444747878598,
    "distance_score": 0.9831649808226787,
    "overall_score": 0.99798377967711,
    "standard_deviation_score": 0.9810779446093079,
    "speed_score": 1.0,
    "reliability_score": 1.0,
    "combined_score": 0.98991889838555,
    "success_rate": 1.0
  },
  "language": "python",
  "timestamp": 1755425244.5126898,
  "saved_at": 1755425338.281152
}