{
  "id": "8164e92d-2786-4367-a099-9374f9aa5b9f",
  "generation": 3,
  "iteration": 52,
  "current_iteration": 60,
  "metrics": {
    "runs_successfully": 1.0,
    "value_score": 0.9996738838561842,
    "distance_score": 0.9968859502180193,
    "overall_score": 0.9996549756977955,
    "standard_deviation_score": 0.9973946828150305,
    "speed_score": 1.0,
    "reliability_score": 1.0,
    "combined_score": 0.9982748784889773,
    "success_rate": 1.0
  },
  "language": "python",
  "timestamp": 1755448547.840396,
  "saved_at": 1755448578.4483852
}