{
  "id": "120a6837-e4ac-4d0a-a188-bf17f443a50f",
  "generation": 2,
  "iteration": 20,
  "current_iteration": 60,
  "metrics": {
    "runs_successfully": 1.0,
    "value_score": 0.9996778656239417,
    "distance_score": 0.997514934464434,
    "overall_score": 0.9997177190908443,
    "standard_deviation_score": 0.9978555771164483,
    "speed_score": 1.0,
    "reliability_score": 1.0,
    "combined_score": 0.9985885954542212,
    "success_rate": 1.0
  },
  "language": "python",
  "timestamp": 1755446259.4089506,
  "saved_at": 1755446577.4823692
}