{
  "id": "0458e44c-dc30-442d-9546-ff633983585c",
  "generation": 3,
  "iteration": 54,
  "current_iteration": 60,
  "metrics": {
    "runs_successfully": 1.0,
    "value_score": 0.9995003190027222,
    "distance_score": 0.9863795675428303,
    "overall_score": 0.9986183045754033,
    "standard_deviation_score": 0.9901678129303642,
    "speed_score": 1.0,
    "reliability_score": 1.0,
    "combined_score": 0.9930915228770163,
    "success_rate": 1.0
  },
  "language": "python",
  "timestamp": 1755439090.1484346,
  "saved_at": 1755439140.2199938
}