{
  "id": "d2a927b4-e794-4871-b6ac-6b8850c9313c",
  "generation": 4,
  "iteration": 96,
  "timestamp": 1755432120.8439507,
  "parent_id": "36eeba57-dc73-4a28-a17d-e9e6e733603d",
  "metrics": {
    "runs_successfully": 1.0,
    "value_score": 0.9996856104762317,
    "distance_score": 0.9994217695823708,
    "overall_score": 0.9999223891189906,
    "standard_deviation_score": 0.9996218128722065,
    "speed_score": 1.0,
    "reliability_score": 1.0,
    "combined_score": 0.9996119455949523,
    "success_rate": 1.0
  },
  "language": "python",
  "saved_at": 1755432154.1551502
}