{
  "id": "c1e5ea82-a4d5-4b40-a742-050112aa44d3",
  "generation": 2,
  "iteration": 22,
  "current_iteration": 30,
  "metrics": {
    "runs_successfully": 1.0,
    "value_score": 0.999685479758933,
    "distance_score": 0.999156998446823,
    "overall_score": 0.9998979741124192,
    "standard_deviation_score": 0.9994750159504047,
    "speed_score": 1.0,
    "reliability_score": 1.0,
    "combined_score": 0.9994898705620955,
    "success_rate": 1.0
  },
  "language": "python",
  "timestamp": 1755444637.7194345,
  "saved_at": 1755444772.752921
}