{
  "id": "77d0a72a-c728-469d-9676-c10edd5b8887",
  "generation": 1,
  "iteration": 8,
  "current_iteration": 10,
  "metrics": {
    "runs_successfully": 1.0,
    "value_score": 0.9823237515891149,
    "distance_score": 0.8953448599677991,
    "overall_score": 0.9880479771712848,
    "standard_deviation_score": 0.9152793590575183,
    "speed_score": 1.0,
    "reliability_score": 1.0,
    "combined_score": 0.9402398858564236,
    "success_rate": 1.0
  },
  "language": "python",
  "timestamp": 1755436014.7569256,
  "saved_at": 1755436051.6108077
}