{
  "id": "aa1465a6-4c86-4c5a-bff0-c37130e50074",
  "generation": 3,
  "iteration": 75,
  "current_iteration": 100,
  "metrics": {
    "runs_successfully": 1.0,
    "value_score": 0.9996389691081444,
    "distance_score": 0.9941628005895077,
    "overall_score": 0.9993999862106752,
    "standard_deviation_score": 0.9958465582959859,
    "speed_score": 1.0,
    "reliability_score": 1.0,
    "combined_score": 0.9969999310533754,
    "success_rate": 1.0
  },
  "language": "python",
  "timestamp": 1755439404.7254102,
  "saved_at": 1755439568.651229
}