{
  "id": "95c91f61-c90f-493e-81f2-6b339a1844b1",
  "generation": 2,
  "iteration": 32,
  "current_iteration": 40,
  "metrics": {
    "runs_successfully": 1.0,
    "value_score": 0.988603159254777,
    "distance_score": 0.90655611941452,
    "overall_score": 0.990128012450744,
    "standard_deviation_score": 0.9366715735973287,
    "speed_score": 1.0,
    "reliability_score": 1.0,
    "combined_score": 0.9506400622537197,
    "success_rate": 1.0
  },
  "language": "python",
  "timestamp": 1755440904.6460602,
  "saved_at": 1755440958.0514946
}