{
  "id": "da149f6e-f71f-40cd-98dc-119288988526",
  "generation": 3,
  "iteration": 39,
  "current_iteration": 60,
  "metrics": {
    "runs_successfully": 1.0,
    "value_score": 0.9995308955084145,
    "distance_score": 0.9887031750834703,
    "overall_score": 0.9988525466717189,
    "standard_deviation_score": 0.9919040432571726,
    "speed_score": 1.0,
    "reliability_score": 1.0,
    "combined_score": 0.9942627333585943,
    "success_rate": 1.0
  },
  "language": "python",
  "timestamp": 1755431668.4908063,
  "saved_at": 1755431864.5152879
}