{
  "id": "004ddb96-16da-43ec-854e-cd0215b043be",
  "generation": 3,
  "iteration": 49,
  "current_iteration": 50,
  "metrics": {
    "runs_successfully": 1.0,
    "value_score": 0.9996248200554216,
    "distance_score": 0.9925706897615016,
    "overall_score": 0.9992495326365923,
    "standard_deviation_score": 0.9948961737351896,
    "speed_score": 1.0,
    "reliability_score": 1.0,
    "combined_score": 0.9962476631829612,
    "success_rate": 1.0
  },
  "language": "python",
  "timestamp": 1755447191.875856,
  "saved_at": 1755447214.721142
}