{
  "id": "1a2b48e9-45b7-487a-bbda-c3ebd6925e63",
  "generation": 2,
  "iteration": 66,
  "timestamp": 1755447979.036253,
  "parent_id": "979b015e-edd6-40dc-b4b3-b52e2679dfd9",
  "metrics": {
    "runs_successfully": 1.0,
    "value_score": 0.9996243432636457,
    "distance_score": 0.9927719824199733,
    "overall_score": 0.9992353664537061,
    "standard_deviation_score": 0.9941905913963196,
    "speed_score": 1.0,
    "reliability_score": 1.0,
    "combined_score": 0.9961768322685306,
    "success_rate": 1.0
  },
  "language": "python",
  "saved_at": 1755448200.796291
}