{
  "id": "184cda5b-fb3a-4bfd-9d76-3021dd65c2bc",
  "generation": 1,
  "iteration": 2,
  "current_iteration": 10,
  "metrics": {
    "runs_successfully": 1.0,
    "value_score": 0.9780143695754171,
    "distance_score": 0.8735414102198897,
    "overall_score": 0.9857614176708069,
    "standard_deviation_score": 0.9038128271283838,
    "speed_score": 1.0,
    "reliability_score": 1.0,
    "combined_score": 0.9288070883540342,
    "success_rate": 1.0
  },
  "language": "python",
  "timestamp": 1755427834.2922852,
  "saved_at": 1755427900.851243
}