{
  "id": "e8a3c928-ac98-48ea-aeac-9cd5d6765972",
  "generation": 2,
  "iteration": 41,
  "current_iteration": 60,
  "metrics": {
    "runs_successfully": 1.0,
    "value_score": 0.9973099444273664,
    "distance_score": 0.9532326085986442,
    "overall_score": 0.9952005152561124,
    "standard_deviation_score": 0.9665634136072891,
    "speed_score": 1.0,
    "reliability_score": 1.0,
    "combined_score": 0.9760025762805616,
    "success_rate": 1.0
  },
  "language": "python",
  "timestamp": 1755428172.2463877,
  "saved_at": 1755428511.8466609
}