{
  "id": "e45a5c45-e691-4658-ba2a-07e32d1669b0",
  "generation": 1,
  "iteration": 20,
  "current_iteration": 20,
  "metrics": {
    "runs_successfully": 1.0,
    "value_score": 0.993582761810408,
    "distance_score": 0.9284566464588584,
    "overall_score": 0.9924807389995858,
    "standard_deviation_score": 0.9484495105184263,
    "speed_score": 1.0,
    "reliability_score": 1.0,
    "combined_score": 0.9624036949979287,
    "success_rate": 1.0
  },
  "language": "python",
  "timestamp": 1755439791.0944102,
  "saved_at": 1755439791.179797
}