{
  "id": "15b979fb-4fd2-4e14-93e1-ea731967c5b8",
  "generation": 1,
  "iteration": 6,
  "current_iteration": 10,
  "metrics": {
    "runs_successfully": 1.0,
    "value_score": 0.9979879110259373,
    "distance_score": 0.9671729148881265,
    "overall_score": 0.9965932096629394,
    "standard_deviation_score": 0.975798796223871,
    "speed_score": 1.0,
    "reliability_score": 1.0,
    "combined_score": 0.9829660483146967,
    "success_rate": 1.0
  },
  "language": "python",
  "timestamp": 1755441620.7562249,
  "saved_at": 1755441664.0858104
}