{
  "id": "66ea3601-d0d3-4e74-9ae3-8ff2a83b5aac",
  "generation": 2,
  "iteration": 19,
  "current_iteration": 30,
  "metrics": {
    "runs_successfully": 1.0,
    "value_score": 0.9971478734963206,
    "distance_score": 0.9548517295058074,
    "overall_score": 0.9952224288559071,
    "standard_deviation_score": 0.9645614161439516,
    "speed_score": 1.0,
    "reliability_score": 1.0,
    "combined_score": 0.9761121442795353,
    "success_rate": 1.0
  },
  "language": "python",
  "timestamp": 1755448356.4355204,
  "saved_at": 1755448404.822864
}