{
  "id": "94f978a0-ce0f-428e-8450-2f912f0e2f3b",
  "generation": 2,
  "iteration": 28,
  "current_iteration": 20,
  "metrics": {
    "runs_successfully": 1.0,
    "value_score": 0.998885463646918,
    "distance_score": 0.9761530512559518,
    "overall_score": 0.9974493649067779,
    "standard_deviation_score": 0.979916721589426,
    "speed_score": 1.0,
    "reliability_score": 1.0,
    "combined_score": 0.9872468245338897,
    "success_rate": 1.0
  },
  "language": "python",
  "timestamp": 1755441864.7021768,
  "saved_at": 1755441899.5410874
}