{
  "id": "32f5d5a3-3d4e-4ea4-9f83-618ab8dfc664",
  "generation": 3,
  "iteration": 36,
  "current_iteration": 40,
  "metrics": {
    "runs_successfully": 1.0,
    "value_score": 0.9952805309533402,
    "distance_score": 0.9424614762312987,
    "overall_score": 0.9939184324660638,
    "standard_deviation_score": 0.9569122990784762,
    "speed_score": 1.0,
    "reliability_score": 1.0,
    "combined_score": 0.969592162330319,
    "success_rate": 1.0
  },
  "language": "python",
  "timestamp": 1755432581.9368048,
  "saved_at": 1755432611.4968202
}