{
  "id": "b6c60d95-3d88-4dc6-a07f-51097bedb2d3",
  "generation": 2,
  "iteration": 9,
  "current_iteration": 20,
  "metrics": {
    "runs_successfully": 1.0,
    "value_score": 0.9841756941702169,
    "distance_score": 0.8872762903614635,
    "overall_score": 0.9875853526159464,
    "standard_deviation_score": 0.9145928424682153,
    "speed_score": 1.0,
    "reliability_score": 1.0,
    "combined_score": 0.9379267630797313,
    "success_rate": 1.0
  },
  "language": "python",
  "timestamp": 1755448287.1943166,
  "saved_at": 1755448342.1216471
}