{
  "id": "d53c197c-d57d-4ac2-aee9-fe1cfc3b6af0",
  "generation": 4,
  "iteration": 67,
  "current_iteration": 90,
  "metrics": {
    "runs_successfully": 1.0,
    "value_score": 0.9996185194678788,
    "distance_score": 0.9931141189743509,
    "overall_score": 0.9992594542346084,
    "standard_deviation_score": 0.9942042385913046,
    "speed_score": 1.0,
    "reliability_score": 1.0,
    "combined_score": 0.9962972711730415,
    "success_rate": 1.0
  },
  "language": "python",
  "timestamp": 1755447355.5710204,
  "saved_at": 1755447491.8225408
}