{
  "id": "fe8b8554-1d74-44bc-a72f-09ee1366bb53",
  "generation": 3,
  "iteration": 80,
  "timestamp": 1755435655.30297,
  "parent_id": "9c3f6f3c-e048-41e5-9ffe-eb8ac55e5646",
  "metrics": {
    "runs_successfully": 1.0,
    "value_score": 0.9996564625603249,
    "distance_score": 0.994836859221767,
    "overall_score": 0.9994716455947299,
    "standard_deviation_score": 0.9964278267495837,
    "speed_score": 1.0,
    "reliability_score": 1.0,
    "combined_score": 0.997358227973649,
    "success_rate": 1.0
  },
  "language": "python",
  "saved_at": 1755435897.5245368
}