{
  "id": "163babef-1f2d-4b25-8145-d9f4a4ae6bf6",
  "generation": 1,
  "iteration": 57,
  "current_iteration": 70,
  "metrics": {
    "runs_successfully": 1.0,
    "value_score": 0.9994234301495141,
    "distance_score": 0.9834466098432377,
    "overall_score": 0.998334972960676,
    "standard_deviation_score": 0.9883517540295816,
    "speed_score": 1.0,
    "reliability_score": 1.0,
    "combined_score": 0.9916748648033795,
    "success_rate": 1.0
  },
  "language": "python",
  "timestamp": 1755443204.5601945,
  "saved_at": 1755443310.4711063
}