{
  "id": "15472b44-d02c-4fc3-8d2f-66531aabd464",
  "generation": 3,
  "iteration": 36,
  "current_iteration": 70,
  "metrics": {
    "runs_successfully": 1.0,
    "value_score": 0.9996166557533026,
    "distance_score": 0.9948876097693555,
    "overall_score": 0.9994288114164909,
    "standard_deviation_score": 0.9953378207476177,
    "speed_score": 1.0,
    "reliability_score": 1.0,
    "combined_score": 0.997144057082454,
    "success_rate": 1.0
  },
  "language": "python",
  "timestamp": 1755423718.239509,
  "saved_at": 1755424169.4384034
}