{
  "id": "63ce31ee-8f0d-4328-80c0-7be23e8d64aa",
  "generation": 2,
  "iteration": 28,
  "current_iteration": 30,
  "metrics": {
    "runs_successfully": 1.0,
    "value_score": 0.9994165382987605,
    "distance_score": 0.9871329405998469,
    "overall_score": 0.9986419745569765,
    "standard_deviation_score": 0.9895877758518477,
    "speed_score": 1.0,
    "reliability_score": 1.0,
    "combined_score": 0.9932098727848822,
    "success_rate": 1.0
  },
  "language": "python",
  "timestamp": 1755421712.8089166,
  "saved_at": 1755421783.067731
}