{
  "id": "994e582b-22d2-42ee-bba1-59fe9572d945",
  "generation": 3,
  "iteration": 64,
  "current_iteration": 70,
  "metrics": {
    "runs_successfully": 1.0,
    "value_score": 0.9995711200228637,
    "distance_score": 0.9906504911978874,
    "overall_score": 0.9990209836924056,
    "standard_deviation_score": 0.9926367726738223,
    "speed_score": 1.0,
    "reliability_score": 1.0,
    "combined_score": 0.9951049184620274,
    "success_rate": 1.0
  },
  "language": "python",
  "timestamp": 1755431877.5671096,
  "saved_at": 1755431925.0007694
}