{
  "id": "9ae1354c-933a-415e-9799-becf26ffd6f5",
  "generation": 1,
  "iteration": 4,
  "current_iteration": 10,
  "metrics": {
    "runs_successfully": 1.0,
    "value_score": 0.9857415648454093,
    "distance_score": 0.9114434491790382,
    "overall_score": 0.9899650416991309,
    "standard_deviation_score": 0.9290522679354878,
    "speed_score": 1.0,
    "reliability_score": 1.0,
    "combined_score": 0.9498252084956543,
    "success_rate": 1.0
  },
  "language": "python",
  "timestamp": 1755446898.5187767,
  "saved_at": 1755446928.630906
}