{
  "id": "fb196654-2559-41a9-9641-8c17cdb34e5e",
  "generation": 3,
  "iteration": 77,
  "current_iteration": 80,
  "metrics": {
    "runs_successfully": 1.0,
    "value_score": 0.9995986040948558,
    "distance_score": 0.9922947323153865,
    "overall_score": 0.9991869166328807,
    "standard_deviation_score": 0.9938595771040932,
    "speed_score": 1.0,
    "reliability_score": 1.0,
    "combined_score": 0.9959345831644034,
    "success_rate": 1.0
  },
  "language": "python",
  "timestamp": 1755439340.3796937,
  "saved_at": 1755439371.2546835
}