{
  "id": "338cb2d9-32eb-4ab0-8451-e771b220fc58",
  "generation": 2,
  "iteration": 20,
  "current_iteration": 20,
  "metrics": {
    "runs_successfully": 1.0,
    "value_score": 0.9958970263959,
    "distance_score": 0.9431982608353927,
    "overall_score": 0.9939569304547117,
    "standard_deviation_score": 0.9555065087130272,
    "speed_score": 1.0,
    "reliability_score": 1.0,
    "combined_score": 0.9697846522735579,
    "success_rate": 1.0
  },
  "language": "python",
  "timestamp": 1755433571.9332016,
  "saved_at": 1755433571.975485
}