{
  "id": "8186ddfd-bd30-43f0-84d5-396f646a3073",
  "generation": 2,
  "iteration": 28,
  "current_iteration": 40,
  "metrics": {
    "runs_successfully": 1.0,
    "value_score": 0.9996551767796013,
    "distance_score": 0.9946153171451592,
    "overall_score": 0.9994436219771603,
    "standard_deviation_score": 0.9961171850606758,
    "speed_score": 1.0,
    "reliability_score": 1.0,
    "combined_score": 0.9972181098858014,
    "success_rate": 1.0
  },
  "language": "python",
  "timestamp": 1755445526.1054475,
  "saved_at": 1755445628.8610299
}