{
  "id": "5141230f-daa5-40c1-9979-c972b623454a",
  "generation": 5,
  "iteration": 50,
  "current_iteration": 60,
  "metrics": {
    "runs_successfully": 1.0,
    "value_score": 0.9996444855439075,
    "distance_score": 0.9936355898184707,
    "overall_score": 0.9993462605590051,
    "standard_deviation_score": 0.9954163820909632,
    "speed_score": 1.0,
    "reliability_score": 1.0,
    "combined_score": 0.9967313027950251,
    "success_rate": 1.0
  },
  "language": "python",
  "timestamp": 1755435343.6915548,
  "saved_at": 1755435509.7933598
}