{
  "id": "ee80336e-fbd3-4b82-91f6-e1c5a7f443b3",
  "generation": 2,
  "iteration": 15,
  "current_iteration": 20,
  "metrics": {
    "runs_successfully": 1.0,
    "value_score": 0.9979609727708263,
    "distance_score": 0.9647758814494635,
    "overall_score": 0.996289392140927,
    "standard_deviation_score": 0.9724453086376665,
    "speed_score": 1.0,
    "reliability_score": 1.0,
    "combined_score": 0.9814469607046348,
    "success_rate": 1.0
  },
  "language": "python",
  "timestamp": 1755445394.1659727,
  "saved_at": 1755445433.992713
}