{
  "id": "59525655-c823-4af3-b2bf-724bd549aab8",
  "generation": 2,
  "iteration": 34,
  "current_iteration": 40,
  "metrics": {
    "runs_successfully": 1.0,
    "value_score": 0.9992179781181053,
    "distance_score": 0.979659340865104,
    "overall_score": 0.9979001424544106,
    "standard_deviation_score": 0.9844682531396483,
    "speed_score": 1.0,
    "reliability_score": 1.0,
    "combined_score": 0.9895007122720529,
    "success_rate": 1.0
  },
  "language": "python",
  "timestamp": 1755433867.2057946,
  "saved_at": 1755433982.956243
}