{
  "id": "efa785f4-a675-4c80-b392-7a6adf392e7e",
  "generation": 5,
  "iteration": 76,
  "current_iteration": 100,
  "metrics": {
    "runs_successfully": 1.0,
    "value_score": 0.9980225944167527,
    "distance_score": 0.9627568014345996,
    "overall_score": 0.9962071130431196,
    "standard_deviation_score": 0.9738138833381219,
    "speed_score": 1.0,
    "reliability_score": 1.0,
    "combined_score": 0.9810355652155979,
    "success_rate": 1.0
  },
  "language": "python",
  "timestamp": 1755441354.260414,
  "saved_at": 1755441516.4195907
}