{
  "id": "2e00d2ab-9a1b-43a1-808e-4337ab0b8287",
  "generation": 1,
  "iteration": 10,
  "current_iteration": 10,
  "metrics": {
    "runs_successfully": 1.0,
    "value_score": 0.9730704153843007,
    "distance_score": 0.8647064047044972,
    "overall_score": 0.9844360101477102,
    "standard_deviation_score": 0.8947908185373575,
    "speed_score": 1.0,
    "reliability_score": 1.0,
    "combined_score": 0.9221800507385509,
    "success_rate": 1.0
  },
  "language": "python",
  "timestamp": 1755438594.098158,
  "saved_at": 1755438594.1402378
}