{
  "id": "182a70bd-8d5e-4b8e-9261-2eec1b8774b6",
  "generation": 2,
  "iteration": 25,
  "current_iteration": 30,
  "metrics": {
    "runs_successfully": 1.0,
    "value_score": 0.982353065513888,
    "distance_score": 0.9057551275460968,
    "overall_score": 0.9888830106251545,
    "standard_deviation_score": 0.9178859277738882,
    "speed_score": 1.0,
    "reliability_score": 1.0,
    "combined_score": 0.9444150531257723,
    "success_rate": 1.0
  },
  "language": "python",
  "timestamp": 1755428029.7093997,
  "saved_at": 1755428100.336967
}