{
  "id": "f39256dd-9bc3-4062-be18-2b063c964016",
  "generation": 2,
  "iteration": 40,
  "timestamp": 1755430552.9225018,
  "parent_id": "25e77485-b1e4-48f3-8203-644bd67a55f5",
  "metrics": {
    "runs_successfully": 1.0,
    "value_score": 0.9996392803932769,
    "distance_score": 0.9933933077407953,
    "overall_score": 0.9993165556176301,
    "standard_deviation_score": 0.9951068612061252,
    "speed_score": 1.0,
    "reliability_score": 1.0,
    "combined_score": 0.9965827780881504,
    "success_rate": 1.0
  },
  "language": "python",
  "saved_at": 1755431279.9783506
}