{
  "id": "c3a00d5b-0081-4c2a-a0ff-91c77fed04e5",
  "generation": 3,
  "iteration": 44,
  "current_iteration": 60,
  "metrics": {
    "runs_successfully": 1.0,
    "value_score": 0.999341615425044,
    "distance_score": 0.9833859162624452,
    "overall_score": 0.9983022439839118,
    "standard_deviation_score": 0.9877829191446861,
    "speed_score": 1.0,
    "reliability_score": 1.0,
    "combined_score": 0.9915112199195585,
    "success_rate": 1.0
  },
  "language": "python",
  "timestamp": 1755442118.7259018,
  "saved_at": 1755442263.7311013
}