{
  "id": "07637905-2b15-4bd6-a8f3-d3eeaa33d6b3",
  "generation": 4,
  "iteration": 76,
  "current_iteration": 80,
  "metrics": {
    "runs_successfully": 1.0,
    "value_score": 0.9996851748968419,
    "distance_score": 0.9991233351489733,
    "overall_score": 0.9998900711223337,
    "standard_deviation_score": 0.9993368854781637,
    "speed_score": 1.0,
    "reliability_score": 1.0,
    "combined_score": 0.9994503556116682,
    "success_rate": 1.0
  },
  "language": "python",
  "timestamp": 1755431979.845422,
  "saved_at": 1755431996.9660008
}