{
  "id": "3f847852-8bb5-4137-b40a-ac3b218474e6",
  "generation": 2,
  "iteration": 52,
  "current_iteration": 60,
  "metrics": {
    "runs_successfully": 1.0,
    "value_score": 0.9996486469179662,
    "distance_score": 0.9945471366717669,
    "overall_score": 0.9994181746032077,
    "standard_deviation_score": 0.9956117437981584,
    "speed_score": 1.0,
    "reliability_score": 1.0,
    "combined_score": 0.9970908730160384,
    "success_rate": 1.0
  },
  "language": "python",
  "timestamp": 1755436647.9606173,
  "saved_at": 1755436706.4651916
}