{
  "id": "7129fadf-48da-452e-ba68-3b1e73c66bcb",
  "generation": 3,
  "iteration": 64,
  "current_iteration": 80,
  "metrics": {
    "runs_successfully": 1.0,
    "value_score": 0.9996553889603355,
    "distance_score": 0.9949459679016311,
    "overall_score": 0.9994695518904662,
    "standard_deviation_score": 0.9961864227532093,
    "speed_score": 1.0,
    "reliability_score": 1.0,
    "combined_score": 0.9973477594523303,
    "success_rate": 1.0
  },
  "language": "python",
  "timestamp": 1755436735.5264018,
  "saved_at": 1755436900.6045046
}