{
  "id": "b0e688da-a3b5-4b85-8bae-7da60701d8f0",
  "generation": 1,
  "iteration": 5,
  "current_iteration": 10,
  "metrics": {
    "runs_successfully": 1.0,
    "value_score": 0.9781398038288488,
    "distance_score": 0.8932320065787466,
    "overall_score": 0.9874459124275777,
    "standard_deviation_score": 0.9112471424761495,
    "speed_score": 1.0,
    "reliability_score": 1.0,
    "combined_score": 0.9372295621378883,
    "success_rate": 1.0
  },
  "language": "python",
  "timestamp": 1755445320.462629,
  "saved_at": 1755445364.9395692
}