{
  "id": "0fb63ab0-0a0f-4881-958d-63ee768fb434",
  "generation": 3,
  "iteration": 75,
  "timestamp": 1755428630.5003188,
  "parent_id": "e1a40564-9efc-4c27-b5c6-1b1a84242ffc",
  "metrics": {
    "runs_successfully": 1.0,
    "value_score": 0.9986066200621982,
    "distance_score": 0.9704699063519207,
    "overall_score": 0.996944010121483,
    "standard_deviation_score": 0.9777163318123674,
    "speed_score": 1.0,
    "reliability_score": 1.0,
    "combined_score": 0.9847200506074152,
    "success_rate": 1.0
  },
  "language": "python",
  "saved_at": 1755428935.962509
}