{
  "id": "622a3c7c-df2f-4a0a-9208-330cccef5424",
  "generation": 2,
  "iteration": 31,
  "current_iteration": 50,
  "metrics": {
    "runs_successfully": 1.0,
    "value_score": 0.9981662485127478,
    "distance_score": 0.9637627207829451,
    "overall_score": 0.9962101659061757,
    "standard_deviation_score": 0.9718784513869287,
    "speed_score": 1.0,
    "reliability_score": 1.0,
    "combined_score": 0.9810508295308783,
    "success_rate": 1.0
  },
  "language": "python",
  "timestamp": 1755448413.0993624,
  "saved_at": 1755448507.6739554
}