{
  "id": "c62bc5d1-46e6-45c9-aad4-9ab7eca2e51a",
  "generation": 1,
  "iteration": 5,
  "current_iteration": 10,
  "metrics": {
    "runs_successfully": 1.0,
    "value_score": 0.9948339758092787,
    "distance_score": 0.9345530662449392,
    "overall_score": 0.9932687198284798,
    "standard_deviation_score": 0.9552906721171104,
    "speed_score": 1.0,
    "reliability_score": 1.0,
    "combined_score": 0.9663435991423984,
    "success_rate": 1.0
  },
  "language": "python",
  "timestamp": 1755432232.5719178,
  "saved_at": 1755432253.276274
}