{
  "id": "225c354c-2cb0-4ad4-a656-303bf952afc2",
  "generation": 1,
  "iteration": 10,
  "current_iteration": 10,
  "metrics": {
    "runs_successfully": 1.0,
    "value_score": 0.9796983188754304,
    "distance_score": 0.8933630622297374,
    "overall_score": 0.9877592891392065,
    "standard_deviation_score": 0.9161248115461176,
    "speed_score": 1.0,
    "reliability_score": 1.0,
    "combined_score": 0.9387964456960323,
    "success_rate": 1.0
  },
  "language": "python",
  "timestamp": 1755430241.8091323,
  "saved_at": 1755430241.8508902
}