{
  "id": "ce879587-a4bd-4391-a6a9-6b24dfda61f1",
  "generation": 1,
  "iteration": 8,
  "current_iteration": 20,
  "metrics": {
    "runs_successfully": 1.0,
    "value_score": 0.9822650180657269,
    "distance_score": 0.8982917583519745,
    "overall_score": 0.9886263905782917,
    "standard_deviation_score": 0.9246854057263136,
    "speed_score": 1.0,
    "reliability_score": 1.0,
    "combined_score": 0.9431319528914582,
    "success_rate": 1.0
  },
  "language": "python",
  "timestamp": 1755434745.9767976,
  "saved_at": 1755434870.9476674
}