{
  "id": "50b2ef8d-8e3b-41c3-b1ee-ad0b32cf18b0",
  "generation": 3,
  "iteration": 48,
  "current_iteration": 50,
  "metrics": {
    "runs_successfully": 1.0,
    "value_score": 0.9970265427272668,
    "distance_score": 0.955993592179688,
    "overall_score": 0.9953585105181318,
    "standard_deviation_score": 0.9661775268661241,
    "speed_score": 1.0,
    "reliability_score": 1.0,
    "combined_score": 0.9767925525906591,
    "success_rate": 1.0
  },
  "language": "python",
  "timestamp": 1755441052.307632,
  "saved_at": 1755441068.4618025
}