{
  "id": "7ee9f4f3-64f9-4059-8d5f-1aec3aa9e1fd",
  "generation": 3,
  "iteration": 18,
  "current_iteration": 20,
  "metrics": {
    "runs_successfully": 1.0,
    "value_score": 0.9847541205501481,
    "distance_score": 0.900541180411728,
    "overall_score": 0.9890476732826929,
    "standard_deviation_score": 0.9269250553840378,
    "speed_score": 1.0,
    "reliability_score": 1.0,
    "combined_score": 0.9452383664134643,
    "success_rate": 1.0
  },
  "language": "python",
  "timestamp": 1755423411.1387713,
  "saved_at": 1755423548.0142708
}