{
  "id": "89489b59-1cc0-4d3b-b7a3-f41bec9c1c2c",
  "generation": 2,
  "iteration": 16,
  "current_iteration": 20,
  "metrics": {
    "runs_successfully": 1.0,
    "value_score": 0.977197538718907,
    "distance_score": 0.8873542557988419,
    "overall_score": 0.9867951829174335,
    "standard_deviation_score": 0.9069139325297766,
    "speed_score": 1.0,
    "reliability_score": 1.0,
    "combined_score": 0.9339759145871674,
    "success_rate": 1.0
  },
  "language": "python",
  "timestamp": 1755427956.5287313,
  "saved_at": 1755427976.570629
}