{
  "id": "5f4fc430-3f23-4e24-a832-09dd78550c2c",
  "generation": 2,
  "iteration": 46,
  "current_iteration": 50,
  "metrics": {
    "runs_successfully": 1.0,
    "value_score": 0.9957347437820304,
    "distance_score": 0.9481887628278124,
    "overall_score": 0.9944394841370667,
    "standard_deviation_score": 0.9591209668594405,
    "speed_score": 1.0,
    "reliability_score": 1.0,
    "combined_score": 0.9721974206853332,
    "success_rate": 1.0
  },
  "language": "python",
  "timestamp": 1755432646.328789,
  "saved_at": 1755432698.6010957
}