{
  "id": "979b015e-edd6-40dc-b4b3-b52e2679dfd9",
  "generation": 1,
  "iteration": 4,
  "current_iteration": 10,
  "metrics": {
    "runs_successfully": 1.0,
    "value_score": 0.9878169003069981,
    "distance_score": 0.9159941266544676,
    "overall_score": 0.9907126402093355,
    "standard_deviation_score": 0.9361467080508206,
    "speed_score": 1.0,
    "reliability_score": 1.0,
    "combined_score": 0.9535632010466771,
    "success_rate": 1.0
  },
  "language": "python",
  "timestamp": 1755447594.905529,
  "saved_at": 1755447632.475204
}