{
  "id": "dbee4a0a-aee1-467e-8d5a-7d49cedbbaa4",
  "generation": 5,
  "iteration": 51,
  "current_iteration": 70,
  "metrics": {
    "runs_successfully": 1.0,
    "value_score": 0.999400710550176,
    "distance_score": 0.9839703129202721,
    "overall_score": 0.9983520267905561,
    "standard_deviation_score": 0.9879013786906174,
    "speed_score": 1.0,
    "reliability_score": 1.0,
    "combined_score": 0.9917601339527804,
    "success_rate": 1.0
  },
  "language": "python",
  "timestamp": 1755437887.4071748,
  "saved_at": 1755438103.748064
}