{
  "id": "11e0cd02-282d-4b82-a393-a2bca5ef4ddf",
  "generation": 3,
  "iteration": 41,
  "current_iteration": 70,
  "metrics": {
    "runs_successfully": 1.0,
    "value_score": 0.9980812466125617,
    "distance_score": 0.9611376782260648,
    "overall_score": 0.9960778333165986,
    "standard_deviation_score": 0.9733127144473666,
    "speed_score": 1.0,
    "reliability_score": 1.0,
    "combined_score": 0.9803891665829927,
    "success_rate": 1.0
  },
  "language": "python",
  "timestamp": 1755439941.0805633,
  "saved_at": 1755440239.836132
}