{
  "id": "3ba54b35-aad6-4a01-9a59-ccdfb87b0767",
  "generation": 1,
  "iteration": 3,
  "current_iteration": 20,
  "metrics": {
    "runs_successfully": 1.0,
    "value_score": 0.9818484692059419,
    "distance_score": 0.884658983817957,
    "overall_score": 0.9871506189256262,
    "standard_deviation_score": 0.9123774303488301,
    "speed_score": 1.0,
    "reliability_score": 1.0,
    "combined_score": 0.9357530946281307,
    "success_rate": 1.0
  },
  "language": "python",
  "timestamp": 1755424573.7383192,
  "saved_at": 1755424796.2231524
}