{
  "id": "b90733d8-f8fe-4a1f-b2e5-6ed6f6855a1c",
  "generation": 2,
  "iteration": 17,
  "current_iteration": 20,
  "metrics": {
    "runs_successfully": 1.0,
    "value_score": 0.9825147100171351,
    "distance_score": 0.8946336998915502,
    "overall_score": 0.9882330409270539,
    "standard_deviation_score": 0.9208163058361463,
    "speed_score": 1.0,
    "reliability_score": 1.0,
    "combined_score": 0.9411652046352692,
    "success_rate": 1.0
  },
  "language": "python",
  "timestamp": 1755440677.587328,
  "saved_at": 1755440793.2644718
}