{
  "id": "54f858ca-4ac9-4b19-b4e5-f47a33e737ce",
  "generation": 3,
  "iteration": 59,
  "timestamp": 1755444089.4285774,
  "parent_id": "aab9987e-7de9-432d-b14b-3783090e217a",
  "metrics": {
    "runs_successfully": 1.0,
    "value_score": 0.9996348546657189,
    "distance_score": 0.9935559449782043,
    "overall_score": 0.9993274599886712,
    "standard_deviation_score": 0.9951026003399152,
    "speed_score": 1.0,
    "reliability_score": 1.0,
    "combined_score": 0.9966372999433561,
    "success_rate": 1.0
  },
  "language": "python",
  "saved_at": 1755444394.7717476
}