{
  "id": "e4f18cf4-05b5-44dd-adf0-c8a7e8ac3941",
  "generation": 1,
  "iteration": 9,
  "current_iteration": 30,
  "metrics": {
    "runs_successfully": 1.0,
    "value_score": 0.9995749324681983,
    "distance_score": 0.9890325344115077,
    "overall_score": 0.9988874040350434,
    "standard_deviation_score": 0.9921220338365973,
    "speed_score": 1.0,
    "reliability_score": 1.0,
    "combined_score": 0.9944370201752166,
    "success_rate": 1.0
  },
  "language": "python",
  "timestamp": 1755443631.6451612,
  "saved_at": 1755443857.6442442
}