{
  "id": "2fa13407-1bb4-4e0b-9e21-5ffb95848797",
  "generation": 2,
  "iteration": 93,
  "current_iteration": 100,
  "metrics": {
    "runs_successfully": 1.0,
    "value_score": 0.9996430484711313,
    "distance_score": 0.9947029673852881,
    "overall_score": 0.9994128024755067,
    "standard_deviation_score": 0.9952145341389314,
    "speed_score": 1.0,
    "reliability_score": 1.0,
    "combined_score": 0.9970640123775331,
    "success_rate": 1.0
  },
  "language": "python",
  "timestamp": 1755447512.073707,
  "saved_at": 1755447561.085801
}