{
  "id": "d32108b4-3ac3-4d29-8b32-28aa81f5a7c4",
  "generation": 1,
  "iteration": 4,
  "current_iteration": 10,
  "metrics": {
    "runs_successfully": 1.0,
    "value_score": 0.9839574666433578,
    "distance_score": 0.8961083639882594,
    "overall_score": 0.9884595611163788,
    "standard_deviation_score": 0.9213738243041371,
    "speed_score": 1.0,
    "reliability_score": 1.0,
    "combined_score": 0.9422978055818936,
    "success_rate": 1.0
  },
  "language": "python",
  "timestamp": 1755443592.1668181,
  "saved_at": 1755443630.867523
}