{
  "id": "f81df00d-3219-4e7d-b838-1fb48486afe7",
  "generation": 3,
  "iteration": 96,
  "timestamp": 1755445239.3365228,
  "parent_id": "88093880-d49f-445a-9628-86d79399009d",
  "metrics": {
    "runs_successfully": 1.0,
    "value_score": 0.9996855385836881,
    "distance_score": 0.9994235932770482,
    "overall_score": 0.9999235732418005,
    "standard_deviation_score": 0.9996483502887206,
    "speed_score": 1.0,
    "reliability_score": 1.0,
    "combined_score": 0.999617866209002,
    "success_rate": 1.0
  },
  "language": "python",
  "saved_at": 1755445265.4788532
}