{
  "id": "4f2afe95-73a4-40fa-81c2-021515fb364a",
  "generation": 4,
  "iteration": 62,
  "timestamp": 1755434212.2646317,
  "parent_id": "6cfb093c-73d4-4f57-992a-dec25be47cef",
  "metrics": {
    "runs_successfully": 1.0,
    "value_score": 0.9996089843973976,
    "distance_score": 0.9920554828993771,
    "overall_score": 0.9991873818273126,
    "standard_deviation_score": 0.9942717279134579,
    "speed_score": 1.0,
    "reliability_score": 1.0,
    "combined_score": 0.9959369091365627,
    "success_rate": 1.0
  },
  "language": "python",
  "saved_at": 1755434641.6769285
}