{
  "id": "7df9a14a-9246-41ab-9d94-147e6c016abf",
  "generation": 2,
  "iteration": 27,
  "current_iteration": 30,
  "metrics": {
    "runs_successfully": 1.0,
    "value_score": 0.9961299736069518,
    "distance_score": 0.9517616542751647,
    "overall_score": 0.9948164707714083,
    "standard_deviation_score": 0.961601420491502,
    "speed_score": 1.0,
    "reliability_score": 1.0,
    "combined_score": 0.9740823538570412,
    "success_rate": 1.0
  },
  "language": "python",
  "timestamp": 1755433793.8374915,
  "saved_at": 1755433843.723309
}