{
  "id": "2e6a1875-ceab-4a4f-a899-aac61dad5c70",
  "generation": 4,
  "iteration": 98,
  "current_iteration": 100,
  "metrics": {
    "runs_successfully": 1.0,
    "value_score": 0.9996519548835157,
    "distance_score": 0.9945390152254141,
    "overall_score": 0.9994256989376546,
    "standard_deviation_score": 0.9958082757507365,
    "speed_score": 1.0,
    "reliability_score": 1.0,
    "combined_score": 0.9971284946882727,
    "success_rate": 1.0
  },
  "language": "python",
  "timestamp": 1755438382.8915594,
  "saved_at": 1755438450.0003633
}