{
  "id": "ad672793-7945-446d-b00e-f5978fb9a399",
  "generation": 3,
  "iteration": 64,
  "current_iteration": 80,
  "metrics": {
    "runs_successfully": 1.0,
    "value_score": 0.9996774362130691,
    "distance_score": 0.9977952536293356,
    "overall_score": 0.9997554178460961,
    "standard_deviation_score": 0.9983082389281939,
    "speed_score": 1.0,
    "reliability_score": 1.0,
    "combined_score": 0.9987770892304805,
    "success_rate": 1.0
  },
  "language": "python",
  "timestamp": 1755446606.3730419,
  "saved_at": 1755446700.9110875
}