{
  "id": "a63f2210-a62a-4879-ab61-678ab217379f",
  "generation": 3,
  "iteration": 72,
  "timestamp": 1755424213.3477502,
  "parent_id": "23f807c5-b9f5-4a60-aead-e0b34cbe2640",
  "metrics": {
    "runs_successfully": 1.0,
    "value_score": 0.9996536377723039,
    "distance_score": 0.9945872102686986,
    "overall_score": 0.9994504385087203,
    "standard_deviation_score": 0.9963394786462517,
    "speed_score": 1.0,
    "reliability_score": 1.0,
    "combined_score": 0.9972521925436013,
    "success_rate": 1.0
  },
  "language": "python",
  "saved_at": 1755424464.5459254
}